path,sha256,bytes
results/v33/V33_SCIENCE_FREEZE_SUMMARY.json,1fe2f294dcc9c844c7fe707c3b49dffe1eee6aec0ed0b826fb8a04bc876cea26,1393
results/v33/action_a_mechanism_summary.csv,bdf171d6b0492bb8c884db43ef8915b9a3454c77620e0e49f73f4d5b318adb00,566
results/v33/action_a_representative_mechanism_pairs.csv,1f92794f26359e398a7082580d1aaad0b933014cc90928c0d5e971c8416b44e2,1228
results/v33/action_b_precision_sensitivity_summary.csv,f4606c81f6b0f1a0fa476c91762a0a5670b4e4fd9b9178055b4c948a0812d545,973
results/v33/action_c_ecfp4_full_vector_summary.json,9a2d2ba7978211b999d212cfd512653c831999b5ef45e261fba8010fce233971,714
results/v33/action_c_graph19_vs_ecfp4_collision_comparison.csv,2fd4de2e33668282c1adaf88af3c4e1d2bdb5078e22c93f1ef04cdd3cbcb3a97,201
results/v33/action_d_summary_across_partitions.csv,dc7b8f546b2cd0de772e966a982d225bc2a2f10b9c53ed950f55adbc24c41d65,4297
results/v33/action_e_extratrees_summary.csv,b007fe2eb5130654b5dbf599f73dd13756572f4ce66d14b1643c178b10cf5294,969
results/v33/action_e_representation_order.csv,888b146c1dd1801703aec57cf9c59d942182e209dd19224533861dca09135209,246
results/v33/action_e_settings.json,373dc552ca012719f5954de4e1713a987aeb6990d31da85d18abe4e2f3ce77da,199
v33/config_v33.json,4f2d79d170e0533b84b512fa7e753a98163b5f991f108d7e72423816b59b04a1,1105
v33/requirements-lock-v33.txt,486cc46b4bf1fbfff4df90292675f4fa72fc191661c25b3caed6a20682d905a6,401
v33/SOURCE_FREEZE.json,dbdefdc945675d38e486aecbd3035d941574e69e9420c1bc9c45b604b018202d,787
