representation,split_type,similarity_bin,mean_similarity,mean_abs_error,r2,rmse,mae,spearman,pearson,n
ECFP4_2048,random,"[0.0, 0.2)",0.1818734793187348,0.8190957002837469,-52.920654785991985,0.8444528758579407,0.8190957002837469,-0.9999999999999999,-1.0,2
ECFP4_2048,random,"[0.2, 0.4)",0.3151137108167279,0.8047805921264564,-0.11260619730033561,1.0172843844964516,0.8047805921264564,0.07462686581357528,0.10760885874697834,46
ECFP4_2048,random,"[0.4, 0.6)",0.5201106473875687,0.8794956798152145,0.47321630963813166,1.102606882329639,0.8794956798152145,0.7445485372669204,0.7482322506856878,83
ECFP4_2048,random,"[0.6, 0.8)",0.7348780987074368,0.5746737102355307,0.6943049919961934,0.7418368844533011,0.5746737102355307,0.8379208708493703,0.8390697823622056,678
ECFP4_2048,random,"[0.8, 1.0)",0.8771178093022022,0.44274486597012963,0.7903780930638156,0.6092615917088606,0.44274486597012963,0.893436581035713,0.8920660434203566,1203
ECFP4_2048,scaffold,"[0.0, 0.2)",0.1765670043977446,0.6359718479494428,-1.189763098166675,0.7786748925176815,0.6359718479494428,-0.41666666666666663,-0.38034648236964363,9
ECFP4_2048,scaffold,"[0.2, 0.4)",0.3226855514783765,1.0094862760869006,0.0939160132972614,1.299630302747459,1.0094862760869006,0.33285299443211,0.33581947399853757,478
ECFP4_2048,scaffold,"[0.4, 0.6)",0.5241543900976119,0.8201521309018348,0.4586340146842073,1.02932029535983,0.8201521309018348,0.697940645717806,0.6910826473792772,1578
ECFP4_2048,scaffold,"[0.6, 0.8)",0.7131879101375459,0.6445924928973882,0.5805798308748545,0.8303876498548519,0.6445924928973882,0.761777596721499,0.7675633164013208,5100
ECFP4_2048,scaffold,"[0.8, 1.0)",0.8662617123847138,0.4495381278215447,0.7443653082116213,0.6024571320914996,0.4495381278215447,0.8598646727286786,0.8646260686043596,2891
Graph19,random,"[0.0, 0.2)",0.1818734793187348,1.0399997727533323,-87.29418191586421,1.0805973143763168,1.0399997727533323,-0.9999999999999999,-1.0,2
Graph19,random,"[0.2, 0.4)",0.3151137108167279,1.2166052590221392,-1.3018391205111617,1.4632183000543422,1.2166052590221392,-0.17158011627550943,-0.1201737991055237,46
Graph19,random,"[0.4, 0.6)",0.5201106473875687,1.206201660960837,0.013099893495644221,1.5091803318163814,1.206201660960837,0.35616783696452253,0.39088934308310236,83
Graph19,random,"[0.6, 0.8)",0.7348780987074368,0.8852676351992361,0.27369213128196423,1.143469602754804,0.8852676351992361,0.5051539750825924,0.5445015493206811,678
Graph19,random,"[0.8, 1.0)",0.8771178093022022,0.7243874517763614,0.47130585173196193,0.9675818624030145,0.7243874517763614,0.6828043543731639,0.6868601278866231,1203
Graph19,scaffold,"[0.0, 0.2)",0.1765670043977446,0.9419658900333844,-5.390774571535477,1.3302533290608873,0.9419658900333844,0.11666666666666665,-0.028204290003178728,9
Graph19,scaffold,"[0.2, 0.4)",0.3226855514783765,1.325150089434793,-0.5020730109630089,1.6733281719242459,1.325150089434793,0.09961873046332388,0.035820881836593106,478
Graph19,scaffold,"[0.4, 0.6)",0.5241543900976119,1.1652332733709303,-0.04644330345955905,1.4310766807697768,1.1652332733709303,0.2827768119492998,0.32471014397029346,1578
Graph19,scaffold,"[0.6, 0.8)",0.7131879101375459,0.929406133464267,0.13872825087394536,1.1899434612223587,0.929406133464267,0.4076358373218513,0.42012737221479146,5100
Graph19,scaffold,"[0.8, 1.0)",0.8662617123847138,0.7325136706198554,0.3614474021848373,0.9521702161771096,0.7325136706198554,0.6069055942030667,0.6118996179006717,2891
