representation,split_type,split_id,coverage_guarantee_context,r2,rmse,mae,spearman,pearson,n,coverage,mean_interval_width,q,alpha,calibration_n,finite_sample_rank,train_seconds,predict_seconds
Graph19,random,42,exchangeability approximately assumed under random split,0.36188481584093346,1.1027356797543875,0.8359067618506917,0.5944996378086456,0.6049347976307587,2012,0.8986083499005965,3.656467559523847,1.8282337797619235,0.1,1609,1449,1.0647113000013633,0.0676960999990115
Graph19,scaffold,0,diagnostic only under scaffold shift; ordinary split-conformal exchangeability guarantee does not hold,0.03812126692127804,1.255453125798741,0.9821778796563388,0.3620070629795661,0.3705509653973834,2012,0.8295228628230616,3.428774464285727,1.7143872321428635,0.1,1609,1449,1.0679900999966776,0.06999639999412466
Graph19,scaffold,1,diagnostic only under scaffold shift; ordinary split-conformal exchangeability guarantee does not hold,0.31801985671271316,1.1713559314550872,0.9135043640944105,0.5724232475083458,0.5713256976490981,2011,0.8712083540527101,3.573823333333353,1.7869116666666764,0.1,1609,1449,1.1124482000013813,0.06954510000650771
Graph19,scaffold,2,diagnostic only under scaffold shift; ordinary split-conformal exchangeability guarantee does not hold,0.11956056289307004,1.1965933041926353,0.9430886049022713,0.4087627395927619,0.4113312535548651,2011,0.8632521133764296,3.4499666666666506,1.7249833333333253,0.1,1609,1449,1.0880463999928907,0.06867410000995733
Graph19,scaffold,3,diagnostic only under scaffold shift; ordinary split-conformal exchangeability guarantee does not hold,0.21732662166382077,1.2063907186747251,0.9484813368810383,0.4540970068959401,0.48040318826170664,2011,0.8413724515166584,3.4705901353440822,1.7352950676720411,0.1,1609,1449,1.0899378000030993,0.06788699999742676
Graph19,scaffold,4,diagnostic only under scaffold shift; ordinary split-conformal exchangeability guarantee does not hold,0.3215649025025181,1.191818765378889,0.9182741966394353,0.5797486053029008,0.5880581601434105,2011,0.8722028841372451,3.5499961904761665,1.7749980952380833,0.1,1609,1449,1.0711469000088982,0.06822560000000522
ECFP4_2048,random,42,exchangeability approximately assumed under random split,0.7248463576310549,0.7241182952776991,0.5376043043907591,0.863397524962527,0.85704044578182,2012,0.8886679920477137,2.3097749999999984,1.1548874999999992,0.1,1609,1449,4.264346700001624,0.13058910000836477
ECFP4_2048,scaffold,0,diagnostic only under scaffold shift; ordinary split-conformal exchangeability guarantee does not hold,0.5327864297328371,0.874979877123352,0.6722162709183305,0.7143629887550011,0.7329718280671706,2012,0.834493041749503,2.398532020681669,1.1992660103408346,0.1,1609,1449,4.386781499997596,0.13139629999932367
ECFP4_2048,scaffold,1,diagnostic only under scaffold shift; ordinary split-conformal exchangeability guarantee does not hold,0.668179676279544,0.8170610494039807,0.6193302758038541,0.8348795049432649,0.8228921459966697,2011,0.8309298856290402,2.210975000000035,1.1054875000000175,0.1,1609,1449,4.4803362999955425,0.11884060000011232
ECFP4_2048,scaffold,2,diagnostic only under scaffold shift; ordinary split-conformal exchangeability guarantee does not hold,0.5548092818919593,0.8508830553331982,0.6557464671923058,0.7433929667570485,0.7464139495492849,2011,0.8567876678269518,2.3695298186800215,1.1847649093400108,0.1,1609,1449,4.31252890000178,0.11587349999172147
ECFP4_2048,scaffold,3,diagnostic only under scaffold shift; ordinary split-conformal exchangeability guarantee does not hold,0.6027028134000691,0.8595189400889763,0.6668164688559713,0.7839262238877568,0.786607304560198,2011,0.8602685231228244,2.489654166666668,1.244827083333334,0.1,1609,1449,4.218080700011342,0.13518100000510458
ECFP4_2048,scaffold,4,diagnostic only under scaffold shift; ordinary split-conformal exchangeability guarantee does not hold,0.6676342026372385,0.8341885575656555,0.6019232285571736,0.852389529519468,0.8291392554559183,2011,0.8657384385877673,2.2935089913799835,1.1467544956899918,0.1,1609,1449,4.411218399996869,0.11875429999781772
