family,n_features,split_type,r2__mean,r2__std,rmse__mean,rmse__std,mae__mean,mae__std,spearman__mean,spearman__std
degree_only,10,random,0.26455644755497143,0.04236445250467347,1.1740533755910678,0.03083534463154819,0.8972945044940595,0.020346976744892827,0.5280197759475578,0.03086148316384731
degree_only,10,scaffold,0.06508335763002344,0.14648371391572057,1.3044228207856434,0.04640359452419655,1.0136295897176524,0.03348902940495857,0.3888012967922817,0.09662789850548208
degree_plus_distance,17,random,0.38526080486007946,0.03809178726822065,1.0733266981570682,0.030120430799341697,0.8135437152427583,0.016129946241553377,0.6165702962731601,0.026047105703140144
degree_plus_distance,17,scaffold,0.2037406549910547,0.13668531652507054,1.2025380734519198,0.043375669326703115,0.9323409899280122,0.037566482765506115,0.48136127903875153,0.1089790990126714
distance_only,7,random,0.35882012639122973,0.02929004777464027,1.0963674875239955,0.02180812657891312,0.8323569246667611,0.009965227767383986,0.589760726864215,0.018835763905169143
distance_only,7,scaffold,0.18920730617720283,0.13757898096472884,1.2135714594250773,0.03992595739115477,0.9463960315814699,0.03659951987102266,0.45485689084619524,0.11341173099621035
full19,19,random,0.39176901954440313,0.03783332723509647,1.067615551553054,0.029426905964500556,0.8094910589957044,0.016252852267883137,0.6219006332009125,0.025716078851236876
full19,19,scaffold,0.21093078289569905,0.13583740713481393,1.1971553161028712,0.04505968748070902,0.9286257732324256,0.03734172435018931,0.48605001330464975,0.11004068584038347
spectral_only,2,random,0.32692061151165697,0.03829285627440699,1.1231481914011858,0.027153765589877706,0.8556606682908718,0.01720935817823962,0.5719349336908659,0.024348234497488082
spectral_only,2,scaffold,0.13504351573303114,0.15030379240215463,1.2533609320593162,0.04839528685185664,0.9750413210507729,0.03965236792394647,0.4309042766369913,0.1118718037453951
