descriptor,impurity_importance,permutation_importance_mean_r2_drop,permutation_importance_std
Szeged,0.15892989145682013,0.43682223195273584,0.01484628903767168
Harary,0.09067404029083526,0.13826994174564872,0.008308474592445582
Wiener,0.08097896344389437,0.13528189873702665,0.006071734028721934
AZI,0.09497026324501046,0.09395245559388321,0.007395630491951821
F,0.04142863052508391,0.08325128161942616,0.00602083546620769
Estrada,0.06160600437733853,0.0377054546599783,0.006130533471414447
Harmonic,0.04380226904463677,0.0293415297539266,0.003913287580514732
VertexEdgeWiener,0.039233975785203504,0.02786664949738076,0.0037252604964389912
Energy,0.06332555825432758,0.0257939328305114,0.0022833436629086964
ABC,0.04360626373226922,0.011631219229839108,0.0025363782746430853
GA,0.036479786785228216,0.010022374267775136,0.0027699893867909834
Randic,0.034795388929372874,0.00943804003864035,0.0014655415717187922
HM,0.03247999403419143,0.006475966350718265,0.0026167157130504827
EdgeWiener,0.044028521951308054,0.00608858186948189,0.00302976762660138
Schultz,0.03065767240732705,0.00586368820474692,0.0012129303095794407
M2,0.03194087315769965,0.005831842053839242,0.002256526770788331
Gutman,0.04164775354799647,0.003422444334474295,0.002283141007758238
SCI,0.022004143858394984,0.001978278556875679,0.0012642675688254931
M1,0.0074100051730615546,-0.00030168816232121196,0.0002827042030885715
