split_type,representation_A,representation_B,metric,n_pairs,mean_delta_A_minus_B,sd_delta,ci95_low,ci95_high,n_positive,n_negative,deltas
random,RDKit2D,Graph19,r2,5,0.26515622287139273,0.029983722068035026,0.22792651464736594,0.30238593109541956,5,0,0.27592031;0.24524255;0.23926274;0.31267104;0.25268447
random,RDKit2D,Graph19,rmse,5,-0.2656322071242061,0.02405007551253869,-0.2954943200422073,-0.23577009420620487,0,5,-0.28325208;-0.25262500;-0.24082724;-0.29825419;-0.25320252
random,RDKit2D,Graph19,mae,5,-0.20523316571371727,0.013260556996093473,-0.2216983219318956,-0.18876800949553896,0,5,-0.21138258;-0.19299961;-0.19514538;-0.22522218;-0.20141608
random,ECFP4_2048,Graph19,r2,5,0.34290037838773824,0.02767307379296573,0.3085397189393766,0.3772610378360999,5,0,0.34766896;0.31966251;0.32520015;0.38867126;0.33329902
random,ECFP4_2048,Graph19,rmse,5,-0.36236426262298227,0.01904196257108118,-0.38600798200263736,-0.3387205432433272,0,5,-0.37558994;-0.34744268;-0.34734959;-0.38926343;-0.35217567
random,ECFP4_2048,Graph19,mae,5,-0.2930642699956573,0.009076698972058228,-0.30433448033179517,-0.2817940596595195,0,5,-0.29617348;-0.28131959;-0.29312966;-0.30587027;-0.28882834
random,ECFP4_2048,RDKit2D,r2,5,0.07774415551634554,0.005599242456587537,0.0707917777407868,0.0846965332919043,5,0,0.07174865;0.07441996;0.08593740;0.07600022;0.08061454
random,ECFP4_2048,RDKit2D,rmse,5,-0.09673205549877621,0.006256931112834367,-0.10450106160082366,-0.08896304939672876,0,5,-0.09233786;-0.09481768;-0.10652235;-0.09100924;-0.09897315
random,ECFP4_2048,RDKit2D,mae,5,-0.08783110428194005,0.00640975712773387,-0.09578986894467716,-0.07987233961920294,0,5,-0.08479091;-0.08831998;-0.09798428;-0.08064809;-0.08741226
scaffold,RDKit2D,Graph19,r2,5,0.3075215486867278,0.04635212297307703,0.24996778635074446,0.3650753110227112,5,0,0.38435746;0.26809953;0.31573923;0.28099270;0.28841882
scaffold,RDKit2D,Graph19,rmse,5,-0.26413716479199134,0.026375045701550987,-0.29688610949058614,-0.23138822009339655,0,5,-0.28311359;-0.26719031;-0.24040065;-0.23459108;-0.29539020
scaffold,RDKit2D,Graph19,mae,5,-0.20917309366920414,0.02475690915352693,-0.23991285647193974,-0.17843333086646854,0,5,-0.22540162;-0.21046313;-0.18896872;-0.18072703;-0.24030497
scaffold,ECFP4_2048,Graph19,r2,5,0.4036312075843562,0.07571570922437335,0.30961773734198716,0.4976446778267253,5,0,0.50646289;0.33040481;0.42651498;0.42785347;0.32691988
scaffold,ECFP4_2048,Graph19,rmse,5,-0.36008221284379455,0.025246959634850887,-0.39143045368649254,-0.32873397200109655,0,5,-0.39231241;-0.34194702;-0.34075399;-0.38263235;-0.34276528
scaffold,ECFP4_2048,Graph19,mae,5,-0.2952256608027495,0.014476026855818148,-0.3132000221866497,-0.27725129941884924,0,5,-0.31713372;-0.28218985;-0.28228101;-0.29975882;-0.29476490
scaffold,ECFP4_2048,RDKit2D,r2,5,0.09610965889762843,0.044519764772658815,0.04083106977091779,0.15138824802433906,5,0,0.12210543;0.06230528;0.11077575;0.14686078;0.03850106
scaffold,ECFP4_2048,RDKit2D,rmse,5,-0.09594504805180315,0.03780575308714945,-0.14288709058509744,-0.04900300551850887,0,5,-0.10919882;-0.07475672;-0.10035334;-0.14804128;-0.04737508
scaffold,ECFP4_2048,RDKit2D,mae,5,-0.08605256713354532,0.024371672993996913,-0.11631399606618624,-0.05579113820090441,0,5,-0.09173210;-0.07172673;-0.09331228;-0.11903179;-0.05445993
