mode,representation,split_type,r2__mean,r2__std,r2__count,rmse__mean,rmse__std,rmse__count,mae__mean,mae__std,mae__count,train_seconds__mean,train_seconds__std,train_seconds__count
fraction_0.5,ECFP4_2048,random,0.7341697104517972,0.01617623068852716,5,0.7058107019746342,0.01950061278257797,5,0.5093303877944543,0.010496561575974213,5,86.86950386000008,8.880786028968473,5
fraction_0.5,ECFP4_2048,scaffold,0.6102225066678111,0.06772946475536318,5,0.8412133278145622,0.026076525868610572,5,0.628859798772691,0.028511622154862058,5,75.08175846000013,3.997243171018362,5
fraction_0.5,Graph19,random,0.3929498579584723,0.03726259354799885,5,1.0666035082534795,0.029706474904528442,5,0.8085942794890583,0.015773731463678723,5,2.76925194000014,0.1434266023809809,5
fraction_0.5,Graph19,scaffold,0.21433329810171253,0.13874316613747092,5,1.1942177685990183,0.0459995489689543,5,0.9267686672011368,0.0397229981950582,5,2.777752899999905,0.10499156288047136,5
fraction_0.5,RDKit2D,random,0.6699123239939407,0.015552040038195134,5,0.78666189904785,0.018203822510983948,5,0.5858430005696756,0.008116216261736172,5,15.60890178000027,0.42524532526671327,5
fraction_0.5,RDKit2D,scaffold,0.5304052185326278,0.10180218543119673,5,0.9208660712709271,0.060774509892779514,5,0.7048735940571648,0.055382807685225695,5,16.95082593999996,0.463696566185222,5
full_feature_spotcheck,ECFP4_2048,random,0.7417315331584535,0.008960338980775175,2,0.6972150767252956,0.006117179378700997,2,0.5077157754580841,0.0005308771346403405,2,70.33114780000051,2.4557638905481856,2
full_feature_spotcheck,ECFP4_2048,scaffold,0.5659756544886663,0.07220505361036524,2,0.8677149477491126,0.03371302626894528,2,0.6526589384841455,0.021923804326195152,2,62.481445849999545,2.091162310052382,2
full_feature_spotcheck,Graph19,random,0.4068457595993014,0.013720880747109353,2,1.0567856415412902,0.0212860753740326,2,0.806792135828094,0.004652928283092695,2,2.901676299999963,0.031021057333890944,2
full_feature_spotcheck,Graph19,scaffold,0.10393595428571567,0.09195248138928397,2,1.2490224297848043,0.008360997230304543,2,0.9662081830147587,0.015822901227172798,2,2.9202760999996826,0.019350542752985537,2
full_feature_spotcheck,RDKit2D,random,0.6751568324802198,0.017391360483487234,2,0.7818171998368333,0.014232253320241249,2,0.58632996018704,0.00990773664333682,2,15.626300100000662,0.0012240018384395443,2
full_feature_spotcheck,RDKit2D,scaffold,0.4430326815215719,0.022367125874880243,2,0.9859663785724138,0.02427259976228501,2,0.7558534634232241,0.020525841172577015,2,15.889353649999066,0.3219387171175529,2
