split_type,representation,subgroup,partitions,mean_n,mean_mae,sd_mae,mean_rmse,sd_rmse,mean_median_ae,mean_r2
random,ECFP4_2048,collision_global_range_gt2_posthoc,5,112.2,0.7697052460669566,0.057019506876740525,1.0026885195111315,0.0580977968985094,0.5966362219303764,0.5635706355260932
random,ECFP4_2048,collision_vector_seen_in_training,5,741.2,0.47260475538643687,0.01452000107350019,0.6433764657673262,0.023341340665233072,0.34867111309524823,0.7765156893611834
random,ECFP4_2048,collision_vector_unseen_in_training,5,81.2,0.4932642518735369,0.08685505949969632,0.6616438853610662,0.11344020673686607,0.38559092876107204,0.7501773887153409
random,ECFP4_2048,graph19_unique_global,5,1189.6,0.5450129949569158,0.015384005887069936,0.742674811568017,0.030490304773650303,0.3960446184585475,0.7045760453257642
random,Graph19,collision_global_range_gt2_posthoc,5,112.2,1.0658278849466092,0.05791004986697746,1.3550781878129743,0.06474365043181413,0.822357344244557,0.20367247617858802
random,Graph19,collision_vector_seen_in_training,5,741.2,0.5612423991058547,0.01516145046505407,0.7678296388057573,0.019970250879304187,0.42648070881676875,0.6821251162324902
random,Graph19,collision_vector_unseen_in_training,5,81.2,0.8822241095622528,0.18494057155170288,1.1440454899067094,0.28406980652293246,0.6960536622061397,0.262216444580233
random,Graph19,graph19_unique_global,5,1189.6,0.958577570404341,0.019339909663989907,1.2099804913314869,0.034623365316040516,0.792388618769704,0.21600424337397123
random,RDKit2D,collision_global_range_gt2_posthoc,5,112.2,0.8630597375241573,0.0774516589330193,1.1007874266161346,0.07181145952702703,0.6775633369881662,0.4741369180054301
random,RDKit2D,collision_vector_seen_in_training,5,741.2,0.5492344118676334,0.020637726976631927,0.7325192342194813,0.033101549919609716,0.4211138023405446,0.710468213777984
random,RDKit2D,collision_vector_unseen_in_training,5,81.2,0.593817746507565,0.10347541205920342,0.7687036318914361,0.14001826969239572,0.46871148363637527,0.6655822995538256
random,RDKit2D,graph19_unique_global,5,1189.6,0.6389579822660888,0.01176050692250695,0.8428295303101097,0.030055733271646397,0.48859879597679595,0.6196379915122925
scaffold,ECFP4_2048,collision_global_range_gt2_posthoc,5,117.6,0.8631064024233911,0.04303681129890593,1.076865392620547,0.07358637177553207,0.7551566336567919,0.43440901511579294
scaffold,ECFP4_2048,collision_vector_seen_in_training,5,412.8,0.5641466133664523,0.03655961192536589,0.7430872961823067,0.04310952598167198,0.44368945488516076,0.6549787016511244
scaffold,ECFP4_2048,collision_vector_unseen_in_training,5,423.4,0.6628128187798079,0.07884735202957438,0.8546265772953727,0.08369968163871085,0.5345077994170824,0.5809983908175439
scaffold,ECFP4_2048,graph19_unique_global,5,1175.0,0.6478448380701822,0.022099881163715463,0.86187109911976,0.02006212674587387,0.5025907244858556,0.5958453190215648
scaffold,Graph19,collision_global_range_gt2_posthoc,5,117.6,1.1863302164676937,0.07394519427924556,1.476285024868491,0.05895435203936953,0.9984854576009582,-0.059446642897265825
scaffold,Graph19,collision_vector_seen_in_training,5,412.8,0.6359307130052004,0.06877033225487739,0.8631079378197943,0.08148256263517428,0.4893927724567031,0.531300680399377
scaffold,Graph19,collision_vector_unseen_in_training,5,423.4,1.0179268301835862,0.12771098041107623,1.2938438388042228,0.14793974165363719,0.8322830309741758,0.033259310850401416
scaffold,Graph19,graph19_unique_global,5,1175.0,1.0005262736445129,0.02371916117263786,1.260190584601296,0.023337679917153003,0.8398917188109243,0.13526138615558653
scaffold,RDKit2D,collision_global_range_gt2_posthoc,5,117.6,0.9384291804646349,0.10111961921854143,1.1533948215670493,0.13104491618792977,0.8383272895286218,0.3466264030332006
scaffold,RDKit2D,collision_vector_seen_in_training,5,412.8,0.650511717602344,0.04366660749745161,0.8381461141727808,0.048906477866676686,0.5329481096850052,0.5611365923375298
scaffold,RDKit2D,collision_vector_unseen_in_training,5,423.4,0.730779657230522,0.12644212260289753,0.9289469822375978,0.15494631561209696,0.5976232246268328,0.4943137628506348
scaffold,RDKit2D,graph19_unique_global,5,1175.0,0.7414476584333841,0.03461053784827722,0.9662996658517464,0.03556630744505784,0.5924881057295255,0.49027343656579897
